STATE_FIPS,CNTY_FIPS,STCOFIPS,STATE_NAME,STATE_ABBR,COUNTY,G1V1R,G1V2R,G1V3R,G1V4R,G2V1R,G2V2R,G2V3R,G2V4R,G3V1R,G3V2R,G4V1R,G4V2R,G4V3R,G4V4R,G4V5R,NCG1V1P,NCG1V2P,NCG1V3P,NCG1V4P,NCG1TP,NCG2V1P,NCG2V2P,NCG2V3P,NCG2V4P,NCG2TP,NCG3V1P,NCG3V2P,NCG3TP,NCG4V1P,NCG4V2P,NCG4V3P,NCG4V4P,NCG4V5P,NCG4VTP,NCTP,NCG1V1F,NCG1V2F,NCG1V3F,NCG1V4F,NCG1TF,NCG2V1F,NCG2V2F,NCG2V3F,NCG2V4F,NCG2TF,NCG3V1F,NCG3V2F,NCG3TF,NCG4V1F,NCG4V2F,NCG4V3F,NCG4V4F,NCG4V5F,NCG4TF,NCTF,Totpop2000,Totalhu,G1V1N,G1V2N,G1V4N,G2V1N,G2V2N,G2V3N,G2V4N,G3V1N,G3V2N,G4V1N,G4V2N,G4V3N,G4V4N,G4V5N
37,001,37001,North Carolina,NC,Alamance ,0.1114,0.0339,19391.0,0.2345,0.1407,0.2382,0.222,0.0926,0.2762,0.0391,0.0463,0.1531,0.0358,0.0624,0.0286,0.2828,0.5758,0.7778,0.3333,0.5455,0.5354,0.404,0.3333,0.596,0.4848,0.4949,0.9293,0.8283,0.8586,0.1616,0.697,0.2525,0.6061,0.5152,0.5758,0,0,0,0,0,0,0,0,0,0,0,1,1,0,0,0,0,0,0,1,130800,55463,14183,3483,20316,18404,31153,26905,4790,36121,4791,2566,8493,1848,3221,3745
37,003,37003,North Carolina,NC,Alexander ,0.0848,0.0178,18507.0,0.3134,0.1183,0.2431,0.2158,0.0765,0.0881,0.0104,0.0038,0.3181,0.0306,0.055,0.007,0.0505,0.0,0.6566,0.7778,0.1717,0.2121,0.5051,0.2323,0.3434,0.0909,0.1414,0.4141,0.1717,0.0909,0.8687,0.4545,0.1111,0.0101,0.101,0.0303,0,0,0,0,0,0,0,0,0,0,0,0,0,0,0,0,0,0,0,0,33603,14098,2821,468,7123,3976,8169,6715,1008,2960,327,53,4484,402,722,234
37,005,37005,North Carolina,NC,Alleghany ,0.1715,0.0279,17691.0,0.3197,0.1932,0.1926,0.2404,0.0396,0.0746,0.0273,0.0123,0.1482,0.015,0.091,0.0197,0.7071,0.3131,0.5455,0.8485,0.7879,0.9192,0.0303,0.4848,0.0,0.1818,0.1111,0.798,0.3838,0.4444,0.1414,0.0404,0.7172,0.4343,0.202,0.3636,0,0,0,0,0,1,0,0,0,1,0,0,0,0,0,0,0,0,0,1,10677,6412,1804,248,2503,2063,2056,2398,182,796,276,79,950,69,418,210
37,007,37007,North Carolina,NC,Anson ,0.1777,0.033,14853.0,0.2984,0.1445,0.2521,0.3036,0.1306,0.5065,0.0049,0.0047,0.2433,0.046,0.1138,0.0568,0.7475,0.5455,0.1515,0.6768,0.6364,0.6061,0.697,0.9495,0.9293,0.9596,0.8889,0.0909,0.4545,0.1111,0.5859,0.8788,0.8586,0.8889,0.8283,0.7879,0,0,0,0,0,0,0,1,1,2,0,0,0,0,0,0,0,0,0,2,25275,10221,4235,647,5020,3652,6372,6768,1203,12803,115,48,2487,423,1047,1435
37,009,37009,North Carolina,NC,Ashe ,0.1345,0.0274,16429.0,0.314,0.1792,0.1989,0.2647,0.0534,0.0373,0.0103,0.0158,0.2061,0.0165,0.0867,0.0124,0.5152,0.2828,0.3636,0.798,0.5253,0.8485,0.0505,0.7475,0.0505,0.3838,0.0303,0.3838,0.1414,0.5253,0.3939,0.0606,0.6263,0.1616,0.1919,0.2525,0,0,0,0,0,0,0,0,0,0,0,0,0,0,0,0,0,0,0,0,24384,13268,3246,552,5564,4369,4849,6052,555,910,238,210,2734,172,903,303
37,011,37011,North Carolina,NC,Avery ,0.1526,0.0382,15176.0,0.2941,0.1568,0.1946,0.2563,0.0575,0.0747,0.0181,0.0902,0.1559,0.0171,0.0811,0.1085,0.6061,0.7273,0.2121,0.6364,0.6465,0.7273,0.0404,0.6869,0.0606,0.2424,0.1313,0.6162,0.2626,0.9091,0.1717,0.0808,0.5253,0.9596,0.5354,0.404,0,0,0,0,0,0,0,0,0,0,0,0,0,1,0,0,0,1,2,2,17167,11911,2345,542,3546,2692,3340,3807,375,1283,295,1074,1857,112,530,1863
37,013,37013,North Carolina,NC,Beaufort ,0.1947,0.0362,16722.0,0.2496,0.1598,0.2357,0.2471,0.0921,0.3295,0.0133,0.0131,0.2754,0.0257,0.0992,0.0129,0.8384,0.6263,0.3939,0.3939,0.697,0.7475,0.3737,0.5657,0.5859,0.6869,0.596,0.4545,0.5455,0.4545,0.7172,0.3333,0.8182,0.1919,0.4444,0.6768,0,0,0,0,0,0,0,0,0,0,0,0,0,0,0,0,0,0,0,0,44958,22139,8642,1285,7705,7183,10595,10321,1685,14813,562,291,6098,470,1818,581
37,015,37015,North Carolina,NC,Bertie ,0.2346,0.0376,14096.0,0.3621,0.1599,0.2608,0.2871,0.1148,0.6401,0.0024,0.003,0.3166,0.039,0.1462,0.0101,0.9899,0.6768,0.0505,0.9899,0.899,0.7576,0.8586,0.9091,0.8283,0.9798,0.9899,0.0303,0.5051,0.0505,0.8586,0.7778,0.9596,0.0606,0.5859,0.8384,1,0,0,1,2,0,0,1,0,1,1,0,1,0,0,0,1,0,1,5,19773,9050,4597,573,4756,3162,5156,5282,888,12657,45,27,2865,302,1132,199
37,017,37017,North Carolina,NC,Bladen ,0.2098,0.0307,14735.0,0.2942,0.1455,0.2467,0.2788,0.1155,0.4403,0.0164,0.0118,0.3061,0.0327,0.0934,0.0217,0.9293,0.4848,0.1313,0.6465,0.6566,0.6162,0.5859,0.8889,0.8384,0.8788,0.798,0.5657,0.7778,0.4141,0.8081,0.5758,0.7475,0.4848,0.7273,0.899,1,0,0,0,1,0,0,0,0,0,0,0,0,0,0,0,0,0,0,1,32278,15316,6622,774,6298,4697,7963,8227,1487,14212,494,180,4688,422,1205,699
37,019,37019,North Carolina,NC,Brunswick ,0.1258,0.0264,19857.0,0.2174,0.1687,0.2122,0.2467,0.0768,0.1896,0.0153,0.0174,0.3589,0.0262,0.0574,0.0099,0.3838,0.2121,0.798,0.2323,0.2222,0.798,0.1818,0.5556,0.3535,0.5253,0.3636,0.5253,0.3636,0.596,0.9798,0.3434,0.1515,0.0505,0.3333,0.3838,0,0,0,0,0,0,0,0,0,0,0,0,0,0,1,0,0,0,1,1,73143,51431,9095,1567,11435,12342,15518,16906,2339,13866,1055,895,18458,796,1746,724
37,021,37021,North Carolina,NC,Buncombe ,0.1144,0.0303,20384.0,0.181,0.1539,0.2185,0.2084,0.0784,0.1233,0.0164,0.0495,0.1921,0.0205,0.077,0.0328,0.303,0.4646,0.8283,0.1616,0.3232,0.6768,0.2222,0.202,0.404,0.2323,0.2626,0.5657,0.3333,0.8788,0.3131,0.1717,0.4545,0.697,0.4444,0.2929,0,0,0,0,0,0,0,0,0,0,0,0,0,0,0,0,0,0,0,0,206330,93973,22920,5041,25994,31754,45081,39883,6720,25448,3186,4648,18054,1761,6608,6776
37,023,37023,North Carolina,NC,Burke ,0.1068,0.027,17397.0,0.3239,0.1338,0.2403,0.252,0.0842,0.1498,0.0251,0.0169,0.2619,0.0339,0.0681,0.0407,0.2121,0.2727,0.5051,0.8586,0.4242,0.404,0.4545,0.6263,0.4747,0.5657,0.3232,0.7475,0.5556,0.5657,0.697,0.6162,0.3333,0.7879,0.7071,0.5455,0,0,0,0,0,0,0,0,0,0,0,0,0,0,0,0,0,0,0,0,89148,37427,9132,1889,19408,11925,21421,20259,2911,13354,2100,634,9801,1171,2350,3625
37,025,37025,North Carolina,NC,Cabarrus ,0.0706,0.0295,21121.0,0.2178,0.1163,0.2592,0.199,0.0777,0.1898,0.028,0.0505,0.1238,0.0306,0.06,0.0165,0.0,0.3838,0.8586,0.2424,0.1616,0.1818,0.8485,0.1212,0.3838,0.2626,0.3737,0.8081,0.6667,0.8889,0.1111,0.4545,0.2121,0.3434,0.2828,0.2222,0,0,0,0,0,0,0,0,0,0,0,0,0,0,0,0,0,0,0,0,131063,52848,9108,2964,18891,15245,33967,23938,3854,24881,3409,2669,6544,1514,2970,2169
37,027,37027,North Carolina,NC,Caldwell ,0.1071,0.0229,17353.0,0.3378,0.1343,0.2334,0.2431,0.0887,0.0901,0.0116,0.0251,0.2011,0.0238,0.0651,0.0146,0.2323,0.0808,0.4747,0.899,0.2828,0.4242,0.3434,0.5253,0.5152,0.4141,0.1616,0.4242,0.1818,0.7172,0.3535,0.2828,0.303,0.2929,0.2323,0.1717,0,0,0,0,0,0,0,0,0,0,0,0,0,0,0,0,0,0,0,0,77415,33430,8161,1403,18085,10396,18067,17411,2735,6974,841,840,6722,731,2003,1131
37,029,37029,North Carolina,NC,Camden ,0.1006,0.022,18681.0,0.1795,0.1342,0.2468,0.2062,0.0712,0.1917,0.0,0.0034,0.1678,0.0049,0.0481,0.0006,0.1616,0.0606,0.697,0.1414,0.0,0.4141,0.596,0.1919,0.2121,0.1717,0.3838,0.0,0.1212,0.0707,0.2121,0.0,0.0303,0.0,0.0,0.0404,0,0,0,0,0,0,0,0,0,0,0,0,0,0,0,0,0,0,0,0,6885,2973,689,119,856,924,1699,1322,190,1320,0,10,499,13,128,4
37,031,37031,North Carolina,NC,Carteret ,0.1071,0.0291,21260.0,0.1794,0.1715,0.2061,0.2373,0.0714,0.1087,0.0055,0.0592,0.2572,0.0175,0.0593,0.0184,0.2323,0.3737,0.8788,0.1212,0.2121,0.8081,0.1212,0.4343,0.2222,0.2828,0.2323,0.101,0.0808,0.899,0.6869,0.0909,0.1919,0.404,0.4141,0.1515,0,0,0,0,0,0,0,0,0,0,0,0,0,0,0,0,0,0,0,0,59383,40947,6268,1419,7795,10182,12236,13075,1801,6456,311,2426,10530,440,1494,1091
37,033,37033,North Carolina,NC,Caswell ,0.144,0.0378,16470.0,0.3083,0.1313,0.2332,0.2708,0.0755,0.3922,0.0061,0.0106,0.3127,0.0231,0.0903,0.0551,0.5758,0.6869,0.3737,0.7475,0.7778,0.3838,0.3333,0.8485,0.3131,0.5051,0.7172,0.1414,0.3434,0.3131,0.8384,0.2424,0.6869,0.8687,0.6869,0.5859,0,0,0,0,0,0,0,0,0,0,0,0,0,0,0,0,0,0,0,0,23501,9601,3210,702,4998,3086,5480,5691,655,9216,136,102,3002,200,783,1296
37,035,37035,North Carolina,NC,Catawba ,0.0908,0.0229,20358.0,0.2519,0.1221,0.2429,0.2025,0.0861,0.1772,0.0354,0.0445,0.1623,0.0369,0.0565,0.0151,0.0808,0.0808,0.8182,0.4242,0.1111,0.2525,0.4949,0.1414,0.4949,0.1414,0.3434,0.8788,0.697,0.8384,0.1919,0.7273,0.1414,0.3232,0.3939,0.303,0,0,0,0,0,0,0,0,0,0,0,0,0,0,0,0,0,0,0,0,141685,59919,12688,2541,23869,17303,34420,26567,4784,25102,4690,2669,9725,2049,3140,2140
37,037,37037,North Carolina,NC,Chatham ,0.0972,0.0191,23355.0,0.2206,0.1559,0.224,0.1843,0.068,0.2836,0.0484,0.0268,0.2016,0.0419,0.0587,0.0123,0.1313,0.0101,0.9495,0.2626,0.0808,0.7172,0.2525,0.0808,0.1616,0.0707,0.5051,0.9697,0.8586,0.7273,0.3636,0.8485,0.1818,0.1515,0.4141,0.3636,0,0,1,0,1,0,0,0,0,0,0,1,1,0,0,0,0,0,0,2,49329,21358,4723,751,7705,7690,11052,8426,1342,13992,2243,573,4306,828,1158,607
37,039,37039,North Carolina,NC,Cherokee ,0.1534,0.0298,15814.0,0.2672,0.1975,0.2058,0.262,0.0575,0.0613,0.0057,0.0039,0.2277,0.0234,0.0841,0.0117,0.6263,0.4141,0.2727,0.4747,0.3636,0.9293,0.1111,0.7273,0.0606,0.4444,0.0808,0.1111,0.0303,0.101,0.4848,0.2626,0.5859,0.1313,0.1111,0.2222,0,0,0,0,0,1,0,0,0,1,0,0,0,0,0,0,0,0,0,1,24298,13499,3679,595,4732,4800,5000,5951,592,1490,132,53,3074,242,869,284
37,041,37041,North Carolina,NC,Chowan ,0.176,0.0378,15027.0,0.2688,0.1811,0.2413,0.2391,0.1104,0.3979,0.0076,0.0152,0.2095,0.0315,0.1466,0.0476,0.7273,0.6869,0.1919,0.4949,0.596,0.8687,0.4747,0.4646,0.798,0.7677,0.7374,0.2121,0.4242,0.5152,0.4242,0.5152,0.9697,0.8485,0.8081,0.7374,0,0,0,0,0,0,0,0,0,0,0,0,0,0,0,0,1,0,1,1,14526,6443,2432,434,2576,2630,3505,3203,613,5780,104,98,1350,176,818,691
37,043,37043,North Carolina,NC,Clay ,0.1144,0.0215,18221.0,0.2355,0.226,0.1851,0.2665,0.0476,0.0215,0.0039,0.0004,0.1937,0.0068,0.0546,0.0142,0.303,0.0505,0.6162,0.3434,0.0404,0.9899,0.0101,0.8081,0.0101,0.4343,0.0,0.0505,0.0,0.0202,0.3232,0.0101,0.101,0.2727,0.0101,0.0505,0,0,0,0,0,1,0,0,0,1,0,0,0,0,0,0,0,0,0,1,8775,5425,991,158,1549,1983,1624,2213,183,189,33,2,1051,26,210,125
37,045,37045,North Carolina,NC,Cleveland ,0.1327,0.0344,17395.0,0.278,0.1366,0.2518,0.2413,0.1004,0.2366,0.0077,0.0176,0.2174,0.0281,0.0822,0.0259,0.4848,0.596,0.4949,0.5152,0.5758,0.4444,0.6869,0.5051,0.7172,0.7273,0.4444,0.2222,0.2121,0.6061,0.4343,0.3838,0.5354,0.5556,0.4747,0.4949,0,0,0,0,0,0,0,0,0,0,0,0,0,0,0,0,0,0,0,0,96287,40317,12446,2555,17625,13150,24248,21419,3720,22778,695,709,8764,1040,3047,2496
37,047,37047,North Carolina,NC,Columbus ,0.227,0.0413,14415.0,0.3139,0.1389,0.2578,0.3104,0.1078,0.3716,0.0088,0.0063,0.3135,0.0342,0.1003,0.0253,0.9596,0.7879,0.0707,0.7879,0.8788,0.4747,0.8182,0.9697,0.7677,0.9091,0.6667,0.303,0.4444,0.1818,0.8485,0.6263,0.8283,0.5354,0.7172,0.8182,1,0,0,0,1,0,0,1,0,1,0,0,0,0,0,0,0,0,0,2,54749,24060,12200,1749,11274,7602,14116,15592,2296,20344,450,152,7544,729,2137,1387
37,049,37049,North Carolina,NC,Craven ,0.1308,0.0281,18423.0,0.1794,0.1324,0.2445,0.2185,0.0939,0.3151,0.0099,0.0295,0.1797,0.0297,0.0793,0.0563,0.4747,0.3232,0.6465,0.1212,0.1919,0.3939,0.5455,0.2727,0.6263,0.4646,0.5657,0.3535,0.404,0.7778,0.2626,0.4141,0.5152,0.8788,0.6364,0.5152,0,0,0,0,0,0,0,0,0,0,0,0,0,0,0,0,0,0,0,0,91436,38150,11288,2008,10231,12103,22358,16628,3256,28812,839,1125,6854,1026,2743,5147
37,051,37051,North Carolina,NC,Cumberland ,0.1279,0.0456,17376.0,0.1501,0.0771,0.2788,0.22,0.1207,0.4748,0.0131,0.0437,0.1373,0.0406,0.0757,0.061,0.4141,0.8586,0.4848,0.0505,0.3838,0.0202,0.9596,0.2929,0.8889,0.6566,0.8485,0.4343,0.7273,0.8283,0.1313,0.8182,0.404,0.899,0.7374,0.6869,0,0,0,0,0,0,1,0,0,1,0,0,0,0,0,0,0,0,0,1,302963,118425,36391,10335,26526,23364,84473,52909,12958,143836,3661,5180,16264,4359,8128,18491
37,053,37053,North Carolina,NC,Currituck ,0.1068,0.0233,19908.0,0.2245,0.1192,0.2523,0.2397,0.0901,0.1045,0.0041,0.0058,0.2087,0.0232,0.0439,0.009,0.2121,0.101,0.8081,0.2828,0.1111,0.2323,0.7071,0.4747,0.5556,0.5859,0.2222,0.0606,0.0505,0.1414,0.4141,0.2525,0.0101,0.0404,0.0202,0.0909,0,0,0,0,0,0,0,0,0,0,0,0,0,0,0,0,0,0,0,0,18190,10687,1922,329,2775,2169,4590,4008,621,1900,70,62,2230,160,303,164
37,055,37055,North Carolina,NC,Dare ,0.0803,0.0332,23614.0,0.1142,0.138,0.2135,0.1537,0.0656,0.065,0.0085,0.0373,0.0811,0.0141,0.0331,0.0077,0.0202,0.5657,0.9697,0.0101,0.202,0.4545,0.2121,0.0202,0.1414,0.0202,0.0909,0.2929,0.1212,0.8182,0.0606,0.0303,0.0,0.0202,0.0303,0.0,0,0,1,0,1,0,0,0,0,0,0,0,0,0,0,0,0,0,0,1,29967,26671,2381,808,2480,4135,6397,4327,832,1948,243,994,2164,179,420,232
37,057,37057,North Carolina,NC,Davidson ,0.1007,0.0274,18703.0,0.2796,0.127,0.2416,0.2161,0.0826,0.1449,0.0188,0.0158,0.1773,0.024,0.061,0.0129,0.1717,0.2828,0.7071,0.5354,0.2929,0.3131,0.4848,0.2525,0.4343,0.2121,0.303,0.6364,0.4141,0.5253,0.2424,0.303,0.2323,0.1919,0.0808,0.101,0,0,0,0,0,0,0,0,0,0,0,0,0,0,0,0,0,0,0,0,147246,62432,14636,3166,27992,18702,35580,29431,4799,21337,2593,987,11068,1395,3548,1893
37,059,37059,North Carolina,NC,Davie ,0.086,0.024,21359.0,0.2191,0.1395,0.2435,0.2164,0.0777,0.1134,0.0152,0.0235,0.2364,0.0208,0.062,0.0108,0.0606,0.1313,0.8889,0.2525,0.0606,0.4848,0.5253,0.2626,0.3838,0.3333,0.2424,0.5152,0.2727,0.6869,0.5556,0.1818,0.2424,0.0909,0.1818,0.0808,0,0,0,0,0,0,0,0,0,0,0,0,0,0,0,0,0,0,0,0,34835,14953,2952,654,5223,4858,8484,6983,1066,3949,495,352,3535,286,852,376
37,061,37061,North Carolina,NC,Duplin ,0.1944,0.0458,14499.0,0.3417,0.1259,0.2617,0.2659,0.0929,0.4472,0.0729,0.0108,0.3329,0.0624,0.0865,0.02,0.8182,0.8687,0.101,0.9192,0.899,0.2828,0.8687,0.7879,0.6061,0.7475,0.8283,1.0,0.9798,0.3333,0.899,0.9798,0.6162,0.4444,0.798,0.9091,0,0,0,1,1,0,0,0,0,0,0,1,1,0,0,1,0,0,1,3,49063,20520,9430,1723,10831,6176,12841,12031,1699,21941,3330,222,6831,1140,1580,982
37,063,37063,North Carolina,NC,Durham ,0.1337,0.0348,23156.0,0.1704,0.0965,0.228,0.1805,0.1048,0.5183,0.0427,0.1679,0.0162,0.0513,0.093,0.0439,0.4949,0.6061,0.9293,0.0909,0.6061,0.0808,0.2828,0.0606,0.7475,0.0606,0.899,0.9495,1.0,0.9899,0.0,0.9394,0.7273,0.8182,0.9293,0.6667,0,0,1,0,1,0,0,0,0,0,0,1,1,1,0,1,0,0,2,4,223314,95452,28557,6168,24507,21546,50924,37032,9325,115742,8886,16031,1547,4564,8274,9814
37,065,37065,North Carolina,NC,Edgecombe ,0.1959,0.0572,14435.0,0.3435,0.1265,0.2711,0.2648,0.1434,0.6076,0.0139,0.0167,0.2305,0.0552,0.1475,0.0202,0.8687,0.9596,0.0808,0.9293,0.9495,0.2929,0.9495,0.7576,0.9899,0.8889,0.9495,0.4747,0.8283,0.5556,0.4949,0.9495,0.9798,0.4545,0.9091,0.9495,0,1,0,1,2,0,1,0,1,2,1,0,1,0,0,1,1,0,2,7,55606,24002,10683,2422,12280,7032,15074,13517,2927,33784,720,400,5533,1126,3008,1123
37,067,37067,North Carolina,NC,Forsyth ,0.1105,0.0302,23023.0,0.1801,0.1275,0.2388,0.1779,0.0972,0.3387,0.0352,0.1161,0.0526,0.0337,0.0858,0.0326,0.2727,0.4343,0.9091,0.1515,0.3535,0.3232,0.4141,0.0505,0.6667,0.202,0.6061,0.8687,0.8586,0.9495,0.0303,0.596,0.6061,0.6869,0.6566,0.5354,0,0,1,0,1,0,0,0,0,0,0,0,0,1,0,0,0,0,1,2,306067,133093,32699,7260,36748,39022,73103,50126,12060,103679,10062,15447,7001,4176,10629,9969
37,069,37069,North Carolina,NC,Franklin ,0.1259,0.031,17562.0,0.2638,0.1112,0.253,0.2217,0.0869,0.3584,0.023,0.0071,0.34,0.0407,0.0672,0.0264,0.3939,0.5051,0.5253,0.4444,0.4343,0.1414,0.7172,0.3232,0.5051,0.3636,0.6364,0.7273,0.7778,0.2222,0.9192,0.8283,0.3232,0.5657,0.6465,0.6162,0,0,0,0,0,0,0,0,0,0,0,0,0,0,1,0,0,0,1,1,47260,20364,5790,1129,8301,5257,11959,9557,1551,16937,1008,144,6923,726,1199,1247
37,071,37071,North Carolina,NC,Gaston ,0.1086,0.037,19225.0,0.2859,0.1267,0.2459,0.2364,0.0897,0.1844,0.0187,0.0483,0.1141,0.0305,0.0682,0.0162,0.2626,0.6566,0.7677,0.5859,0.7273,0.303,0.5657,0.4242,0.5354,0.4444,0.3535,0.6263,0.4545,0.8687,0.101,0.4444,0.3434,0.3333,0.303,0.3535,0,0,0,0,0,0,0,0,0,0,0,0,0,0,0,0,0,0,0,0,190365,78842,20309,5485,36522,24112,46807,41483,6624,35111,3326,3812,8996,2255,5041,3093
37,073,37073,North Carolina,NC,Gates ,0.1703,0.0248,15963.0,0.2861,0.1426,0.2658,0.2659,0.074,0.4136,0.0058,0.0,0.3493,0.0346,0.09,0.0148,0.697,0.1414,0.3131,0.6061,0.3333,0.5859,0.9192,0.7879,0.2929,0.7576,0.7677,0.1212,0.3636,0.0,0.9596,0.6364,0.6667,0.3131,0.5152,0.6364,0,0,0,0,0,0,1,0,0,1,0,0,0,0,1,0,0,0,1,2,10516,4389,1764,199,2030,1500,2795,2595,288,4349,58,0,1533,135,351,156
37,075,37075,North Carolina,NC,Graham ,0.1951,0.0318,14237.0,0.3161,0.1808,0.2193,0.2727,0.0578,0.0918,0.0066,0.0055,0.2569,0.0295,0.0838,0.0146,0.8485,0.5253,0.0606,0.8182,0.7172,0.8586,0.2323,0.8788,0.0808,0.6162,0.1717,0.1717,0.0909,0.1313,0.6768,0.3939,0.5657,0.2929,0.2929,0.4848,0,0,0,0,0,0,0,0,0,0,0,0,0,0,0,0,0,0,0,0,7993,5084,1546,206,1777,1445,1753,2043,195,734,50,28,1306,99,281,117
37,077,37077,North Carolina,NC,Granville ,0.1167,0.0256,17118.0,0.2698,0.114,0.2388,0.2431,0.1097,0.4079,0.0255,0.0143,0.286,0.0321,0.0838,0.1133,0.3434,0.1616,0.4444,0.5051,0.1313,0.1515,0.4141,0.5253,0.7879,0.5152,0.7576,0.7576,0.8788,0.4848,0.7576,0.5556,0.5657,0.9798,0.8485,0.7071,0,0,0,0,0,0,0,0,0,0,0,0,0,0,0,0,0,1,1,1,48498,17896,5009,972,8807,5529,11582,9751,1828,19780,1160,256,5119,535,1395,5494
37,079,37079,North Carolina,NC,Greene ,0.2023,0.042,15452.0,0.346,0.1186,0.2508,0.2455,0.1185,0.498,0.0271,0.0091,0.3692,0.0641,0.0987,0.0649,0.8889,0.8182,0.2323,0.9495,0.9697,0.2222,0.6768,0.5455,0.8687,0.7172,0.8788,0.7879,0.9394,0.2727,0.9899,1.0,0.798,0.9091,0.9899,0.9596,0,0,0,1,1,0,0,0,0,0,0,0,0,0,1,1,0,1,3,4,18974,7368,3591,620,4284,2251,4759,4048,792,9449,480,67,2720,429,661,1232
37,081,37081,North Carolina,NC,Guilford ,0.1059,0.0379,23340.0,0.1703,0.117,0.2363,0.1914,0.0957,0.3706,0.0259,0.1086,0.0393,0.0337,0.078,0.0333,0.1919,0.7071,0.9394,0.0808,0.4848,0.1919,0.3939,0.0909,0.6566,0.1212,0.6566,0.7677,0.8485,0.9293,0.0202,0.596,0.4747,0.7172,0.596,0.4444,0,0,1,0,1,0,0,0,0,0,0,0,0,1,0,0,0,0,1,2,421048,180391,43227,12583,46912,49279,99494,74728,16142,156051,10189,19585,7096,5679,13150,14027
37,083,37083,North Carolina,NC,Halifax ,0.239,0.0418,13810.0,0.3462,0.1493,0.262,0.3019,0.1325,0.5774,0.0062,0.0224,0.2459,0.0378,0.1626,0.0307,1.0,0.798,0.0404,0.9596,0.9293,0.6465,0.8889,0.9394,0.9495,0.9899,0.9293,0.1616,0.596,0.6768,0.6162,0.7475,1.0,0.6465,0.9798,0.9697,1,0,0,1,2,0,0,1,1,2,1,0,1,0,0,0,1,0,1,6,57370,25309,13295,1834,13060,8568,15030,15784,2932,33123,336,566,6223,836,3598,1764
37,085,37085,North Carolina,NC,Harnett ,0.149,0.0512,16775.0,0.2498,0.1037,0.2681,0.2251,0.1114,0.3126,0.0218,0.0079,0.3186,0.0348,0.079,0.0317,0.5859,0.9293,0.4141,0.404,0.7374,0.1111,0.9293,0.3636,0.8182,0.6667,0.5556,0.697,0.7172,0.2525,0.8788,0.6465,0.5051,0.6667,0.697,0.7172,0,1,0,0,1,0,1,0,0,1,0,0,0,0,0,0,0,0,0,2,91025,38605,13129,3529,14271,9440,24405,18080,3769,28451,1832,304,12300,1177,2669,2881
37,087,37087,North Carolina,NC,Haywood ,0.1151,0.0261,18554.0,0.2235,0.1906,0.2078,0.2376,0.0627,0.0408,0.0067,0.012,0.1821,0.0239,0.0658,0.0178,0.3232,0.1919,0.6667,0.2727,0.1313,0.9091,0.1313,0.4444,0.1212,0.303,0.0505,0.1818,0.0404,0.4242,0.2929,0.2929,0.3131,0.3636,0.1313,0.0707,0,0,0,0,0,1,0,0,0,1,0,0,0,0,0,0,0,0,0,1,54033,28640,6112,1151,8839,10299,11226,12007,1450,2203,341,344,5216,553,1520,963
37,089,37089,North Carolina,NC,Henderson ,0.0972,0.0263,21110.0,0.1684,0.2173,0.2083,0.2189,0.0622,0.1025,0.0266,0.0147,0.2023,0.0273,0.0505,0.0207,0.1313,0.202,0.8485,0.0707,0.0303,0.9596,0.1414,0.2828,0.1111,0.2222,0.202,0.7778,0.4545,0.5051,0.3737,0.3636,0.0505,0.4646,0.1717,0.1313,0,0,0,0,0,1,0,0,0,1,0,0,0,0,0,0,0,0,0,1,89173,42996,8526,1907,10955,19381,18571,18165,2329,9141,2240,631,8699,1022,1888,1849
37,091,37091,North Carolina,NC,Hertford ,0.1833,0.047,15641.0,0.3442,0.1614,0.2542,0.3188,0.1323,0.6296,0.0083,0.012,0.2551,0.0307,0.1309,0.0186,0.7879,0.899,0.2424,0.9394,0.9596,0.7778,0.7374,0.9899,0.9394,1.0,0.9798,0.2727,0.7071,0.4242,0.6667,0.4747,0.9293,0.4141,0.6768,0.8586,0,0,0,1,1,0,0,1,1,2,1,0,1,0,0,0,1,0,1,5,22601,9724,4078,829,5154,3647,5745,6712,1183,14230,178,117,2481,275,1172,421
37,093,37093,North Carolina,NC,Hoke ,0.1768,0.0403,13635.0,0.2654,0.0778,0.2983,0.2549,0.13,0.5817,0.0369,0.0033,0.334,0.0585,0.0907,0.0334,0.7374,0.7677,0.0303,0.4545,0.5556,0.0303,1.0,0.6566,0.9192,0.7778,0.9394,0.899,0.9899,0.0606,0.9091,0.9596,0.7071,0.7273,0.8586,0.9192,0,0,0,0,0,0,1,0,1,2,1,0,1,0,1,1,0,0,2,5,33646,12518,5731,991,5291,2617,10038,7151,1479,19573,1132,41,4181,665,1031,1124
37,095,37095,North Carolina,NC,Hyde ,0.1544,0.0258,13164.0,0.3165,0.1716,0.2043,0.3143,0.0707,0.3797,0.0014,0.0051,0.2344,0.0467,0.0961,0.1131,0.6566,0.1818,0.0,0.8283,0.2727,0.8182,0.101,0.9798,0.202,0.6364,0.6768,0.0101,0.2222,0.1212,0.5253,0.8889,0.7778,0.9697,0.8182,0.6364,0,0,0,0,0,0,0,1,0,1,0,0,0,0,0,0,0,1,1,2,5826,3302,795,124,1326,1000,1190,1543,154,2212,8,17,774,102,210,659
37,097,37097,North Carolina,NC,Iredell ,0.0816,0.0267,21148.0,0.2163,0.1231,0.255,0.2021,0.0831,0.1921,0.017,0.0307,0.1786,0.0225,0.0576,0.0129,0.0404,0.2424,0.8687,0.2222,0.0909,0.2626,0.7677,0.1313,0.4444,0.303,0.3939,0.596,0.4848,0.798,0.2525,0.2323,0.1616,0.1919,0.1212,0.1111,0,0,0,0,0,0,0,0,0,0,0,0,0,0,0,0,0,0,0,0,122660,51918,9894,2524,17748,15099,31281,22860,3939,23560,1944,1596,9275,1067,2729,1582
37,099,37099,North Carolina,NC,Jackson ,0.1512,0.0649,17582.0,0.2121,0.1396,0.1902,0.2158,0.0733,0.1476,0.0084,0.0199,0.2049,0.0202,0.0747,0.0843,0.596,1.0,0.5354,0.2121,0.7576,0.4949,0.0202,0.2323,0.2828,0.0404,0.3131,0.2828,0.1919,0.6465,0.3838,0.1515,0.3939,0.9394,0.4444,0.2727,0,1,0,0,1,0,0,0,0,0,0,0,0,0,0,0,0,1,1,2,33121,19291,4576,1791,4429,4624,6298,6742,965,4888,265,383,3952,266,986,2792
37,101,37101,North Carolina,NC,Johnston ,0.1281,0.0264,18788.0,0.2407,0.0986,0.2624,0.2204,0.0841,0.2469,0.0388,0.0114,0.2361,0.032,0.0695,0.0142,0.4343,0.2121,0.7273,0.3636,0.3131,0.0909,0.9091,0.303,0.4646,0.404,0.4747,0.9192,0.8081,0.3939,0.5455,0.5455,0.3636,0.2727,0.3333,0.5152,0,0,0,0,0,0,1,0,0,1,0,1,1,0,0,0,0,0,0,2,121965,50196,15399,2458,19323,12024,32008,24361,3928,30110,4355,573,11852,1489,3239,1728
37,103,37103,North Carolina,NC,Jones ,0.1691,0.0283,15916.0,0.2784,0.1529,0.2571,0.2941,0.0997,0.3963,0.01,0.0141,0.3492,0.0411,0.096,0.0114,0.6869,0.3333,0.2929,0.5253,0.404,0.6667,0.798,0.9293,0.697,0.9394,0.7273,0.3737,0.6162,0.4747,0.9495,0.8384,0.7677,0.1111,0.7677,0.8081,0,0,0,0,0,0,0,1,0,1,0,0,0,0,1,0,0,0,1,2,10381,4679,1734,228,1948,1587,2669,2826,408,4114,98,66,1634,167,390,118
37,105,37105,North Carolina,NC,Lee ,0.1284,0.0297,19147.0,0.2367,0.1302,0.256,0.2039,0.1019,0.34,0.0547,0.028,0.1808,0.0491,0.0765,0.0182,0.4444,0.3939,0.7576,0.3535,0.5152,0.3737,0.7879,0.1616,0.7273,0.6162,0.6162,0.9899,0.899,0.7475,0.2828,0.9293,0.4343,0.3939,0.6162,0.697,0,0,0,0,0,0,0,0,0,0,0,1,1,0,0,1,0,0,1,2,49040,19909,6185,1122,7584,6383,12553,9116,1885,16675,2500,557,3600,906,1412,893
37,107,37107,North Carolina,NC,Lenoir ,0.1657,0.0481,16744.0,0.2805,0.1468,0.2533,0.2562,0.1194,0.446,0.0157,0.0282,0.239,0.0311,0.1335,0.0297,0.6768,0.9091,0.404,0.5556,0.8384,0.6263,0.7273,0.6768,0.8788,0.8586,0.8182,0.5354,0.7677,0.7576,0.5657,0.4949,0.9394,0.6263,0.8889,0.8687,0,1,0,0,1,0,0,0,0,0,0,0,0,0,0,0,1,0,1,2,59648,27184,9622,2225,11175,8755,15110,13923,2851,26602,876,767,6496,743,3186,1771
37,109,37109,North Carolina,NC,Lincoln ,0.0917,0.0264,18877.0,0.2828,0.1157,0.2478,0.2147,0.0715,0.1316,0.0214,0.0094,0.2458,0.0308,0.0544,0.014,0.101,0.2121,0.7475,0.5758,0.2525,0.1717,0.6061,0.2222,0.2323,0.0808,0.2727,0.6869,0.4343,0.2828,0.6061,0.4848,0.0909,0.2626,0.1414,0.0606,0,0,0,0,0,0,0,0,0,0,0,0,0,0,0,0,0,0,0,0,63780,25717,5766,1309,12234,7380,15803,12667,1720,8396,1275,243,6322,741,1307,892
37,111,37111,North Carolina,NC,McDowell ,0.116,0.0277,16109.0,0.2984,0.142,0.2291,0.2606,0.0758,0.0924,0.0146,0.0114,0.297,0.0268,0.0762,0.0331,0.3333,0.303,0.3333,0.6768,0.2626,0.5556,0.303,0.7071,0.3232,0.5253,0.1818,0.5051,0.2222,0.3939,0.7879,0.3535,0.4141,0.7071,0.5556,0.3939,0,0,0,0,0,0,0,0,0,0,0,0,0,0,0,0,0,0,0,0,42151,18377,4726,930,8701,5987,9656,9980,1257,3896,580,210,5458,445,1265,1394
37,113,37113,North Carolina,NC,Macon ,0.1262,0.0267,18642.0,0.227,0.2241,0.2026,0.2472,0.0689,0.0436,0.009,0.0073,0.1483,0.0221,0.0628,0.0179,0.404,0.2424,0.6869,0.2929,0.2222,0.9798,0.0707,0.5758,0.1818,0.4141,0.0606,0.3131,0.1111,0.2424,0.1515,0.2121,0.2727,0.3838,0.0404,0.1212,0,0,0,0,0,1,0,0,0,1,0,0,0,0,0,0,0,0,0,1,29811,20746,3722,656,4974,6682,6041,6939,886,1301,256,152,3077,283,805,533
37,115,37115,North Carolina,NC,Madison ,0.1539,0.03,16076.0,0.3068,0.1591,0.2132,0.2143,0.0719,0.036,0.0059,0.0131,0.2776,0.0165,0.0785,0.0456,0.6465,0.4242,0.3232,0.7273,0.6061,0.7374,0.202,0.2121,0.2525,0.1616,0.0202,0.1313,0.0101,0.4545,0.7374,0.0606,0.4949,0.8283,0.5051,0.3131,0,0,0,0,0,0,0,0,0,0,0,0,0,0,0,0,0,0,0,0,19635,9722,2880,478,4114,3124,4187,3897,575,706,109,127,2699,132,628,895
37,117,37117,North Carolina,NC,Martin ,0.2019,0.0468,15102.0,0.2929,0.1539,0.2554,0.2658,0.1113,0.4836,0.0077,0.0109,0.2338,0.035,0.1228,0.0114,0.8788,0.8889,0.202,0.6263,0.8687,0.6768,0.7778,0.7778,0.8081,0.9293,0.8586,0.2222,0.5859,0.3535,0.5152,0.6667,0.899,0.1111,0.4848,0.7475,0,0,0,0,0,0,0,0,0,0,0,0,0,0,0,0,0,0,0,0,25593,10930,5164,928,4983,3940,6537,6383,1116,12378,186,119,2555,351,1230,292
37,119,37119,North Carolina,NC,Mecklenburg ,0.092,0.0374,27352.0,0.1377,0.0854,0.2494,0.1631,0.0902,0.3885,0.0402,0.1595,0.021,0.0454,0.0689,0.0222,0.1111,0.6667,1.0,0.0404,0.3939,0.0505,0.6364,0.0404,0.5657,0.101,0.6869,0.9394,0.9192,0.9798,0.0101,0.8586,0.3535,0.4949,0.5657,0.4242,0,0,1,0,1,0,0,0,0,0,0,1,1,1,0,0,0,0,1,3,695454,292780,62652,20136,62693,59391,173458,104224,24683,270175,25934,46710,6145,12421,18851,15431
37,121,37121,North Carolina,NC,Mitchell ,0.1383,0.0235,15933.0,0.3141,0.1865,0.2104,0.2654,0.0508,0.0298,0.0099,0.0111,0.2225,0.0136,0.0946,0.012,0.5354,0.1111,0.303,0.8081,0.3333,0.8889,0.1717,0.7677,0.0404,0.4848,0.0101,0.3535,0.101,0.3636,0.4646,0.0202,0.7576,0.1414,0.1515,0.2727,0,0,0,0,0,0,0,0,0,0,0,0,0,0,0,0,0,0,0,0,15687,7919,2142,301,3554,2925,3300,3918,334,467,147,88,1762,89,620,189
37,123,37123,North Carolina,NC,Montgomery ,0.1536,0.0302,16504.0,0.3579,0.1404,0.2488,0.2544,0.089,0.3439,0.054,0.006,0.2826,0.0586,0.0902,0.0402,0.6364,0.4343,0.3838,0.9798,0.8081,0.5152,0.6263,0.6364,0.5253,0.7071,0.6263,0.9798,0.899,0.1616,0.7475,0.9697,0.6768,0.7778,0.8384,0.8485,0,0,0,1,1,0,0,0,0,0,0,1,1,0,0,1,0,0,1,3,26822,14145,3957,632,6339,3767,6674,6098,877,9224,1349,85,3998,577,888,1079
37,125,37125,North Carolina,NC,Moore ,0.1137,0.0314,23377.0,0.1738,0.2196,0.2213,0.2058,0.0742,0.2111,0.0175,0.0248,0.1797,0.0216,0.0551,0.0213,0.2929,0.5152,0.9596,0.101,0.4343,0.9697,0.2424,0.1818,0.303,0.3737,0.4242,0.6061,0.5152,0.697,0.2626,0.1919,0.1212,0.4747,0.1515,0.3232,0,0,1,0,1,1,0,0,0,1,0,0,0,0,0,0,0,0,0,2,74769,35151,8369,1881,9271,16421,16550,14233,2286,15786,1237,873,6317,662,1693,1592
37,127,37127,North Carolina,NC,Nash ,0.1344,0.0341,18863.0,0.2437,0.1255,0.2543,0.234,0.0911,0.3909,0.0142,0.025,0.1885,0.0372,0.0873,0.0242,0.5051,0.5859,0.7374,0.3737,0.6667,0.2727,0.7475,0.4141,0.5758,0.6061,0.7071,0.4848,0.6869,0.7071,0.303,0.7374,0.6364,0.5152,0.6667,0.6566,0,0,0,0,0,0,0,0,0,0,0,0,0,0,0,0,0,0,0,0,87420,37051,11478,2307,14016,10975,22233,18778,3062,34176,1160,925,6983,1251,2938,2115
37,129,37129,North Carolina,NC,New Hanover ,0.1305,0.0379,23123.0,0.137,0.1276,0.2087,0.1931,0.0791,0.211,0.0103,0.109,0.0614,0.0184,0.0764,0.0268,0.4646,0.7071,0.9192,0.0303,0.6061,0.3333,0.1515,0.101,0.4242,0.0303,0.4141,0.3838,0.303,0.9394,0.0505,0.1111,0.4242,0.5758,0.3131,0.1818,0,0,1,0,1,0,0,0,0,0,0,0,0,1,0,0,0,0,1,2,160307,79616,20445,4936,14756,20463,33462,28842,5397,33820,1551,8675,4891,1252,5207,4299
37,131,37131,North Carolina,NC,Northampton ,0.2126,0.0434,15413.0,0.3754,0.1757,0.2442,0.3199,0.1163,0.6097,0.0044,0.0068,0.3116,0.033,0.161,0.0392,0.9394,0.8384,0.2222,1.0,1.0,0.8384,0.5354,1.0,0.8485,0.9697,0.9596,0.0808,0.5253,0.2121,0.8182,0.5859,0.9899,0.7677,0.8687,0.8889,1,0,0,1,2,0,0,1,0,1,1,0,1,0,0,0,1,0,1,5,22086,10455,4503,752,5705,3881,5394,6396,1009,13466,92,71,3258,287,1399,866
37,133,37133,North Carolina,NC,Onslow ,0.1291,0.0318,14853.0,0.1568,0.0636,0.2621,0.2025,0.0987,0.3053,0.0096,0.0342,0.2438,0.0395,0.0625,0.129,0.4545,0.5253,0.1515,0.0606,0.0101,0.0,0.899,0.1414,0.6869,0.3939,0.5455,0.3333,0.3535,0.8081,0.596,0.7879,0.2626,1.0,0.9192,0.596,0,0,0,0,0,0,0,0,0,0,0,0,0,0,0,0,0,1,1,1,150355,55726,16917,3650,11804,9568,39405,21145,4747,45898,1323,1908,13585,1901,3006,19396
37,135,37135,North Carolina,NC,Orange ,0.1413,0.0249,24873.0,0.1239,0.0834,0.2027,0.1291,0.0727,0.2422,0.0223,0.1726,0.104,0.0484,0.0778,0.0841,0.5657,0.1515,0.9798,0.0202,0.303,0.0404,0.0808,0.0,0.2727,0.0101,0.4646,0.7172,0.6667,1.0,0.0707,0.9192,0.4646,0.9293,0.8788,0.6061,0,0,1,0,1,0,0,0,0,0,0,0,0,1,0,1,0,1,3,4,118227,49289,15318,2410,8615,9860,23968,14389,3337,28640,2502,8507,5124,2221,3566,9946
37,137,37137,North Carolina,NC,Pamlico ,0.1533,0.0287,18005.0,0.2477,0.1871,0.2102,0.2501,0.0695,0.2744,0.0091,0.0021,0.3122,0.0187,0.0857,0.0486,0.6162,0.3434,0.5859,0.3838,0.5051,0.899,0.1616,0.6061,0.1919,0.4747,0.4848,0.3232,0.3131,0.0404,0.8283,0.1212,0.596,0.8586,0.4343,0.4646,0,0,0,0,0,0,0,0,0,0,0,0,0,0,0,0,0,0,0,0,12934,6781,1885,302,2312,2420,2719,2911,358,3549,112,14,2117,97,444,629
37,139,37139,North Carolina,NC,Pasquotank ,0.184,0.0572,14815.0,0.2324,0.1414,0.248,0.2516,0.1354,0.4351,0.0097,0.0299,0.1574,0.0247,0.1289,0.0697,0.798,0.9596,0.1414,0.3232,0.6869,0.5455,0.6162,0.6162,0.9596,0.8081,0.7879,0.3434,0.6263,0.7879,0.1818,0.3232,0.9192,0.9192,0.7576,0.798,0,1,0,0,1,0,0,0,1,1,0,0,0,0,0,0,1,1,2,4,34897,14289,5981,1558,5164,4936,8655,7812,1750,15182,318,427,2249,319,1664,2432
37,141,37141,North Carolina,NC,Pender ,0.1359,0.033,17882.0,0.2316,0.1405,0.2323,0.2487,0.0716,0.2843,0.016,0.0172,0.3523,0.0277,0.0635,0.0286,0.5253,0.5455,0.5758,0.3131,0.5354,0.5253,0.3131,0.596,0.2424,0.3535,0.5152,0.5556,0.5758,0.5758,0.9697,0.3737,0.2828,0.6061,0.6263,0.5657,0,0,0,0,0,0,0,0,0,0,0,0,0,0,1,0,0,0,1,1,41082,20798,5429,1076,6616,5771,9545,9355,1149,11678,620,358,7328,444,1020,1174
37,143,37143,North Carolina,NC,Perquimans ,0.1794,0.0308,15728.0,0.2806,0.1977,0.229,0.2642,0.0897,0.2919,0.0023,0.0086,0.2881,0.0192,0.0932,0.0106,0.7677,0.4949,0.2626,0.5657,0.5758,0.9394,0.2929,0.7374,0.5354,0.7374,0.5253,0.0202,0.1616,0.2626,0.7677,0.1313,0.7374,0.0808,0.2727,0.5051,0,0,0,0,0,1,0,0,0,1,0,0,0,0,0,0,0,0,0,1,11368,6043,1997,279,2236,2248,2603,2807,418,3318,25,52,1741,89,433,121
37,145,37145,North Carolina,NC,Person ,0.1199,0.0297,18709.0,0.2514,0.1386,0.2412,0.2246,0.0951,0.3187,0.0061,0.0061,0.235,0.0246,0.0603,0.011,0.3636,0.3939,0.7172,0.4141,0.4545,0.4646,0.4646,0.3535,0.6465,0.5455,0.5758,0.1414,0.2525,0.1717,0.5354,0.3131,0.2222,0.101,0.0505,0.2222,0,0,0,0,0,0,0,0,0,0,0,0,0,0,0,0,0,0,0,0,35623,15504,4223,829,6152,4937,8593,7399,1340,11353,203,95,3644,346,849,392
37,147,37147,North Carolina,NC,Pitt ,0.2034,0.0445,18243.0,0.2006,0.0962,0.235,0.1965,0.1052,0.3906,0.0168,0.1234,0.1767,0.0398,0.0894,0.0474,0.899,0.8485,0.6364,0.202,0.8485,0.0707,0.3636,0.1111,0.7576,0.1111,0.697,0.5859,0.7374,0.9697,0.2323,0.798,0.6465,0.8384,0.9394,0.7273,0,0,0,0,0,0,0,0,0,0,0,0,0,1,0,0,0,0,1,1,133798,58408,26001,4695,15855,12878,31437,24400,5536,52255,2106,7210,10318,2092,4695,6348
37,149,37149,North Carolina,NC,Polk ,0.1007,0.0224,19804.0,0.194,0.2368,0.2007,0.2408,0.0494,0.0991,0.0137,0.0447,0.1995,0.0236,0.0645,0.0177,0.1717,0.0707,0.7879,0.1818,0.0202,1.0,0.0606,0.4949,0.0303,0.2828,0.1919,0.4646,0.202,0.8485,0.3434,0.2727,0.2929,0.3535,0.3232,0.1313,0,0,0,0,0,1,0,0,0,1,0,0,0,0,0,0,0,0,0,1,18324,9192,1808,337,2649,4340,3678,4099,390,1816,237,411,1834,187,510,325
37,151,37151,North Carolina,NC,Randolph ,0.0915,0.0214,18236.0,0.3003,0.1208,0.2506,0.2208,0.0836,0.1389,0.0343,0.0221,0.2516,0.0365,0.0509,0.0104,0.0909,0.0404,0.6263,0.697,0.1515,0.2424,0.6667,0.3131,0.4545,0.3434,0.2828,0.8586,0.6364,0.6667,0.6465,0.7172,0.0606,0.0707,0.3636,0.3434,0,0,0,0,0,0,0,0,0,0,0,0,0,0,0,0,0,0,0,0,130454,54422,11802,2171,26259,15759,32696,26634,4234,18117,4168,1201,13694,1849,2579,1355
37,153,37153,North Carolina,NC,Richmond ,0.1956,0.039,14485.0,0.3077,0.1364,0.2577,0.2793,0.1268,0.3641,0.0132,0.0066,0.232,0.0295,0.1217,0.0366,0.8586,0.7374,0.0909,0.7374,0.798,0.4343,0.8081,0.899,0.899,0.9192,0.6465,0.4444,0.596,0.202,0.5051,0.3939,0.8788,0.7576,0.596,0.7778,0,0,0,0,0,0,0,0,0,0,0,0,0,0,0,0,0,0,0,0,46564,19886,8754,1402,9192,6350,11998,11651,2272,16954,574,131,4613,528,2175,1704
37,155,37155,North Carolina,NC,Robeson ,0.2281,0.0562,13224.0,0.3513,0.0994,0.2895,0.2704,0.1516,0.6915,0.0235,0.0159,0.3715,0.0639,0.1104,0.0271,0.9697,0.9495,0.0101,0.9697,0.9798,0.101,0.9899,0.8384,1.0,0.8687,1.0,0.7374,0.9495,0.5455,1.0,0.9899,0.8485,0.5859,1.0,1.0,1,1,0,1,3,0,1,0,1,2,1,0,1,0,1,1,0,0,2,8,123339,47779,27326,5144,26156,12255,35708,30082,6612,85290,2675,762,17748,2790,4824,3344
37,157,37157,North Carolina,NC,Rockingham ,0.1279,0.0356,17120.0,0.3112,0.1482,0.2331,0.2427,0.0857,0.2388,0.0158,0.0213,0.1937,0.0298,0.0826,0.0129,0.4141,0.6162,0.4545,0.7677,0.697,0.6364,0.3232,0.5152,0.4848,0.5758,0.4545,0.5455,0.4949,0.6566,0.3232,0.4242,0.5556,0.1919,0.3535,0.4646,0,0,0,0,0,0,0,0,0,0,0,0,0,0,0,0,0,0,0,0,91928,40208,11619,2594,19751,13626,21431,20718,3174,21956,1361,856,7790,1101,3057,1182
37,159,37159,North Carolina,NC,Rowan ,0.1059,0.0407,18071.0,0.258,0.1401,0.246,0.2338,0.0933,0.2189,0.0219,0.0275,0.2063,0.0301,0.0711,0.0358,0.1919,0.7778,0.596,0.4343,0.5657,0.5051,0.5758,0.404,0.6162,0.6465,0.4343,0.7071,0.6364,0.7374,0.404,0.4343,0.3838,0.7475,0.5758,0.5556,0,0,0,0,0,0,0,0,0,0,0,0,0,0,0,0,0,0,0,0,130340,53980,13372,4136,22278,18262,32064,27769,4666,28526,2667,1485,11137,1502,3549,4660
37,161,37161,North Carolina,NC,Rutherford ,0.1392,0.0365,16270.0,0.2961,0.1601,0.239,0.2554,0.0787,0.1394,0.0078,0.0104,0.218,0.0222,0.0784,0.0244,0.5556,0.6465,0.3434,0.6667,0.6768,0.7677,0.4444,0.6667,0.4141,0.697,0.2929,0.2424,0.1515,0.303,0.4444,0.2222,0.4848,0.5253,0.2626,0.4141,0,0,0,0,0,0,0,0,0,0,0,0,0,0,0,0,0,0,0,0,62899,29535,8513,1808,12699,10071,15035,14687,1980,8767,461,308,6438,559,1974,1536
37,163,37163,North Carolina,NC,Sampson ,0.1755,0.0425,14976.0,0.3086,0.128,0.2579,0.29,0.0981,0.4307,0.047,0.0058,0.332,0.0454,0.0904,0.0224,0.7172,0.8283,0.1717,0.7576,0.8182,0.3434,0.8283,0.9192,0.6768,0.8182,0.7778,0.9596,0.9495,0.1414,0.8889,0.8586,0.697,0.5051,0.7475,0.8788,0,0,0,0,0,0,0,1,0,1,0,1,1,0,0,0,0,0,0,2,60161,25142,10431,1971,11974,7699,15517,15964,2180,25914,2618,146,8346,1011,2014,1350
37,165,37165,North Carolina,NC,Scotland ,0.2056,0.0583,15693.0,0.286,0.1104,0.2813,0.2573,0.1399,0.4858,0.0035,0.0173,0.2417,0.0348,0.0987,0.0271,0.9192,0.9798,0.2525,0.596,0.9192,0.1212,0.9798,0.697,0.9798,0.8283,0.8687,0.0404,0.3838,0.5859,0.5758,0.6465,0.798,0.5859,0.7879,0.7576,1,1,0,0,2,0,1,0,1,2,0,0,0,0,0,0,0,0,0,4,35998,14693,7212,1571,6453,3974,10128,8473,1875,17489,117,254,3552,466,1323,977
37,167,37167,North Carolina,NC,Stanly ,0.1071,0.0289,17825.0,0.2657,0.1431,0.2494,0.2245,0.0772,0.1644,0.0145,0.0108,0.1705,0.0318,0.0593,0.031,0.2323,0.3636,0.5657,0.4646,0.2222,0.596,0.6364,0.3434,0.3636,0.5556,0.3333,0.4949,0.3232,0.3333,0.2222,0.5253,0.1919,0.6566,0.2222,0.3232,0,0,0,0,0,0,0,0,0,0,0,0,0,0,0,0,0,0,0,0,58100,24582,6030,1311,10284,8314,14492,11949,1715,9553,792,266,4192,706,1317,1799
37,169,37169,North Carolina,NC,Stokes ,0.0907,0.0396,18130.0,0.2683,0.1172,0.2446,0.2268,0.0726,0.0746,0.0075,0.0101,0.2995,0.0204,0.0543,0.0128,0.0707,0.7576,0.6061,0.4848,0.4848,0.202,0.5556,0.3737,0.2626,0.1515,0.1111,0.202,0.0606,0.2929,0.798,0.1616,0.0808,0.1818,0.0909,0.0202,0,0,0,0,0,0,0,0,0,0,0,0,0,0,0,0,0,0,0,0,44711,19262,4022,1383,8208,5242,10935,9420,1276,3335,312,194,5769,359,955,574
37,171,37171,North Carolina,NC,Surry ,0.1242,0.0213,17722.0,0.3297,0.1543,0.2357,0.2331,0.067,0.1169,0.0299,0.0192,0.2495,0.0324,0.0769,0.0178,0.3737,0.0303,0.5556,0.8788,0.404,0.697,0.3737,0.3939,0.1515,0.3232,0.2525,0.8182,0.5556,0.6364,0.6364,0.5657,0.4444,0.3636,0.5354,0.4545,0,0,0,0,0,0,0,0,0,0,0,0,0,0,0,0,0,0,0,0,71219,31033,8685,1197,16161,10989,16788,15353,1903,8323,2001,597,7743,919,2185,1269
37,173,37173,North Carolina,NC,Swain ,0.1831,0.0593,14647.0,0.2949,0.1509,0.2434,0.2693,0.1002,0.3288,0.0067,0.0006,0.2272,0.0362,0.0695,0.0321,0.7778,0.9899,0.1111,0.6566,0.8283,0.6566,0.5152,0.8182,0.7071,0.798,0.5859,0.1818,0.2828,0.0303,0.4747,0.7071,0.3636,0.6768,0.404,0.6263,0,1,0,0,1,0,0,0,0,0,0,0,0,0,0,0,0,0,0,1,12968,7105,2320,605,2577,1957,3156,3223,514,4264,82,4,1614,186,357,416
37,175,37175,North Carolina,NC,Transylvania ,0.0948,0.0267,20767.0,0.1751,0.2141,0.2036,0.2051,0.0629,0.0737,0.0041,0.0071,0.1668,0.0193,0.0585,0.0357,0.1212,0.2424,0.8384,0.1111,0.0404,0.9495,0.0909,0.1717,0.1313,0.1313,0.101,0.0606,0.0202,0.2222,0.202,0.1414,0.1717,0.7374,0.0707,0.0101,0,0,0,0,0,1,0,0,0,1,0,0,0,0,0,0,0,0,0,1,29334,15553,2708,647,3673,6279,5972,5667,778,2161,113,111,2594,238,721,1046
37,177,37177,North Carolina,NC,Tyrrell ,0.2332,0.0304,13326.0,0.337,0.1678,0.2251,0.3048,0.0945,0.444,0.0301,0.0034,0.3484,0.0384,0.123,0.1044,0.9798,0.4747,0.0202,0.8889,0.7677,0.7879,0.2626,0.9596,0.6364,0.7879,0.8081,0.8283,0.9293,0.0707,0.9394,0.7576,0.9091,0.9495,0.9596,0.9899,1,0,0,0,1,0,0,1,0,1,0,0,0,0,1,0,1,1,3,5,4149,2032,867,101,953,696,934,1077,146,1842,119,7,708,59,189,433
37,179,37179,North Carolina,NC,Union ,0.0814,0.0302,21978.0,0.1976,0.0907,0.2798,0.1813,0.0764,0.2016,0.0367,0.0106,0.1051,0.0385,0.0454,0.0136,0.0303,0.4343,0.899,0.1919,0.1818,0.0606,0.9697,0.0707,0.3333,0.1818,0.404,0.8889,0.7475,0.3131,0.0909,0.7677,0.0202,0.2424,0.0606,0.1616,0,0,0,0,0,0,1,0,0,1,0,0,0,0,0,0,0,0,0,1,123677,45695,9926,2796,15589,11223,34600,20467,3315,24935,4174,485,4804,1670,1971,1682
37,181,37181,North Carolina,NC,Vance ,0.205,0.0507,15897.0,0.3195,0.1281,0.2705,0.2616,0.1393,0.536,0.0209,0.019,0.2775,0.0476,0.1227,0.0193,0.9091,0.9192,0.2828,0.8384,0.9899,0.3636,0.9394,0.7172,0.9697,0.8889,0.9192,0.6768,0.8889,0.6263,0.7273,0.9091,0.8889,0.4242,0.9495,0.9798,1,1,0,0,2,0,1,0,1,2,1,0,1,0,0,1,0,0,1,6,42954,18196,8659,1648,8741,5501,11621,10303,2253,23024,835,346,5050,771,1987,829
37,183,37183,North Carolina,NC,Wake ,0.0782,0.0287,27004.0,0.1068,0.0735,0.2504,0.135,0.0773,0.3009,0.0332,0.1226,0.0549,0.0318,0.0488,0.0306,0.0101,0.3434,0.9899,0.0,0.0707,0.0101,0.6566,0.0101,0.3737,0.0505,0.5354,0.8485,0.798,0.9596,0.0404,0.5253,0.0404,0.6364,0.3838,0.2626,0,0,1,0,1,0,0,0,0,0,0,0,0,1,0,0,0,0,1,2,627846,258953,47685,13942,43086,46121,157237,77784,18725,188908,19371,31737,14210,7699,11818,19193
37,185,37185,North Carolina,NC,Warren ,0.1945,0.0418,14716.0,0.3255,0.1738,0.2348,0.271,0.1042,0.6137,0.0103,0.0112,0.3412,0.035,0.1069,0.0428,0.8283,0.798,0.1212,0.8687,0.8889,0.8283,0.3535,0.8586,0.7374,0.8283,0.9697,0.3838,0.7576,0.3838,0.9293,0.6667,0.8384,0.8081,0.9596,0.9293,0,0,0,0,0,0,0,0,0,0,1,0,1,0,1,0,0,0,1,2,19972,10548,3721,661,4426,3471,4690,4899,804,12257,195,118,3599,270,824,854
37,187,37187,North Carolina,NC,Washington ,0.2176,0.0393,14994.0,0.3014,0.1546,0.2583,0.2548,0.1293,0.5218,0.0078,0.0,0.2465,0.0402,0.1373,0.0127,0.9495,0.7475,0.1818,0.7071,0.8485,0.7071,0.8384,0.6465,0.9091,0.9495,0.9091,0.2424,0.6566,0.0,0.6263,0.8081,0.9495,0.1717,0.4949,0.8283,1,0,0,0,1,0,0,0,1,1,1,0,1,0,0,0,1,0,1,4,13723,6174,2955,416,2740,2121,3544,3237,696,7161,100,0,1522,216,737,174
37,189,37189,North Carolina,NC,Watauga ,0.1791,0.0521,17258.0,0.1836,0.111,0.1619,0.1554,0.0489,0.0477,0.0078,0.0944,0.1043,0.0152,0.056,0.1256,0.7576,0.9394,0.4646,0.1717,0.7374,0.1313,0.0,0.0303,0.0202,0.0,0.0707,0.2424,0.0606,0.9192,0.0808,0.0505,0.1313,0.9899,0.3737,0.2121,0,1,0,0,1,0,0,0,0,0,0,0,0,1,0,0,0,1,2,3,42695,23155,6761,1909,4395,4738,6912,6338,810,2037,320,2186,2415,252,927,5362
37,191,37191,North Carolina,NC,Wayne ,0.1384,0.0364,17010.0,0.2281,0.1147,0.2619,0.2387,0.1082,0.4018,0.0197,0.0185,0.2545,0.0352,0.0894,0.0408,0.5455,0.6364,0.4242,0.303,0.4747,0.1616,0.8788,0.4545,0.7778,0.6768,0.7475,0.6667,0.8182,0.6162,0.6566,0.6869,0.6465,0.798,0.899,0.7677,0,0,0,0,0,0,0,0,0,0,0,0,0,0,0,0,0,0,0,0,113329,47313,15097,3163,16624,13000,29682,23663,4602,45540,2081,877,12039,1498,3811,4622
37,193,37193,North Carolina,NC,Wilkes ,0.1185,0.0236,17516.0,0.3403,0.142,0.2261,0.2474,0.0597,0.0881,0.0193,0.0111,0.268,0.0182,0.0825,0.0137,0.3535,0.1212,0.5152,0.9091,0.4646,0.5556,0.2727,0.5859,0.101,0.2424,0.1414,0.6465,0.2929,0.3636,0.7071,0.101,0.5455,0.2525,0.2525,0.1919,0,0,0,1,1,0,0,0,0,0,0,0,0,0,0,0,0,0,0,1,65632,29261,7662,1234,15481,9318,14842,15014,1591,5785,1185,325,7841,484,2199,900
37,195,37195,North Carolina,NC,Wilson ,0.1847,0.0458,17102.0,0.3057,0.128,0.2546,0.2711,0.1175,0.4651,0.037,0.0291,0.1359,0.0471,0.1143,0.0253,0.8081,0.8687,0.4343,0.7172,0.9394,0.3434,0.7576,0.8687,0.8586,0.8485,0.8384,0.9091,0.9697,0.7677,0.1212,0.899,0.8687,0.5354,0.7778,0.9394,0,0,0,0,0,0,0,0,0,0,0,1,1,0,0,0,0,0,0,1,73814,30729,13326,2615,14692,9447,18793,18361,3368,34329,2551,894,4177,1347,3271,1864
37,197,37197,North Carolina,NC,Yadkin ,0.0997,0.0202,18576.0,0.2797,0.1425,0.2388,0.2274,0.0682,0.1027,0.0301,0.0065,0.296,0.0314,0.0533,0.013,0.1515,0.0202,0.6768,0.5455,0.101,0.5758,0.4141,0.3838,0.1717,0.2727,0.2121,0.8283,0.5253,0.1919,0.7778,0.5051,0.0707,0.2323,0.2121,0.202,0,0,0,0,0,0,0,0,0,0,0,0,0,0,0,0,0,0,0,0,36348,15821,3583,575,6970,5178,8680,7656,988,3734,1023,103,4683,456,773,472
37,199,37199,North Carolina,NC,Yancey ,0.1576,0.0256,16335.0,0.2885,0.1813,0.2127,0.2702,0.058,0.0401,0.0196,0.0143,0.2217,0.0218,0.0982,0.0087,0.6667,0.1616,0.3535,0.6162,0.3737,0.8788,0.1919,0.8283,0.0909,0.596,0.0404,0.6566,0.2424,0.4848,0.4545,0.202,0.7879,0.0303,0.2424,0.4343,0,0,0,0,0,0,0,0,0,0,0,0,0,0,0,0,0,0,0,0,17774,9729,2780,370,3667,3223,3780,4506,434,713,329,139,2157,163,734,154
